decile,customers,churners,min_probability,max_probability,churn_rate,lift,cumulative_churners_pct,cumulative_customers_pct
1,177,139.0,0.731,0.9354,0.7853,2.99,30.0,10.1
2,176,109.0,0.545,0.7299,0.6193,2.36,53.6,20.0
3,176,82.0,0.3688,0.5447,0.4659,1.77,71.3,30.0
4,176,64.0,0.2454,0.3684,0.3636,1.38,85.1,40.0
5,176,37.0,0.1535,0.2454,0.2102,0.8,93.1,50.0
6,176,18.0,0.079,0.153,0.1023,0.39,97.0,60.0
7,176,9.0,0.0326,0.0784,0.0511,0.19,98.9,70.0
8,176,2.0,0.014,0.0326,0.0114,0.04,99.4,80.0
9,176,2.0,0.0059,0.0138,0.0114,0.04,99.8,90.0
10,176,1.0,0.0008,0.0059,0.0057,0.02,100.0,100.0
