run_ts,check_name,table,status,observed,expectation,details
2026-09-27T10:19:40Z,row_count,customers,PASS,7043,> 0,no expected count configured
2026-09-27T10:19:40Z,unique_customer_id,customers,PASS,0 duplicates,0 duplicates,
2026-09-27T10:19:40Z,not_null_customer_id,customers,PASS,0 nulls,0 nulls,
2026-09-27T10:19:40Z,not_null_tenure_months,customers,PASS,0 nulls,0 nulls,
2026-09-27T10:19:40Z,not_null_monthly_charges,customers,PASS,0 nulls,0 nulls,
2026-09-27T10:19:40Z,not_null_total_charges,customers,PASS,0 nulls,0 nulls,
2026-09-27T10:19:40Z,not_null_churn_flag,customers,PASS,0 nulls,0 nulls,
2026-09-27T10:19:40Z,not_null_contract,customers,PASS,0 nulls,0 nulls,
2026-09-27T10:19:40Z,domain_gender,customers,PASS,0 unknown values,"subset of ['Female', 'Male']",
2026-09-27T10:19:40Z,domain_senior_citizen,customers,PASS,0 unknown values,"subset of ['No', 'Yes']",
2026-09-27T10:19:40Z,domain_partner,customers,PASS,0 unknown values,"subset of ['No', 'Yes']",
2026-09-27T10:19:40Z,domain_dependents,customers,PASS,0 unknown values,"subset of ['No', 'Yes']",
2026-09-27T10:19:40Z,domain_phone_service,customers,PASS,0 unknown values,"subset of ['No', 'Yes']",
2026-09-27T10:19:40Z,domain_multiple_lines,customers,PASS,0 unknown values,"subset of ['No', 'No phone service', 'Yes']",
2026-09-27T10:19:40Z,domain_internet_service,customers,PASS,0 unknown values,"subset of ['DSL', 'Fiber optic', 'No']",
2026-09-27T10:19:40Z,domain_online_security,customers,PASS,0 unknown values,"subset of ['No', 'No internet service', 'Yes']",
2026-09-27T10:19:40Z,domain_online_backup,customers,PASS,0 unknown values,"subset of ['No', 'No internet service', 'Yes']",
2026-09-27T10:19:40Z,domain_device_protection,customers,PASS,0 unknown values,"subset of ['No', 'No internet service', 'Yes']",
2026-09-27T10:19:40Z,domain_tech_support,customers,PASS,0 unknown values,"subset of ['No', 'No internet service', 'Yes']",
2026-09-27T10:19:40Z,domain_streaming_tv,customers,PASS,0 unknown values,"subset of ['No', 'No internet service', 'Yes']",
2026-09-27T10:19:40Z,domain_streaming_movies,customers,PASS,0 unknown values,"subset of ['No', 'No internet service', 'Yes']",
2026-09-27T10:19:40Z,domain_contract,customers,PASS,0 unknown values,"subset of ['Month-to-month', 'One year', 'Two year']",
2026-09-27T10:19:40Z,domain_paperless_billing,customers,PASS,0 unknown values,"subset of ['No', 'Yes']",
2026-09-27T10:19:40Z,domain_payment_method,customers,PASS,0 unknown values,"subset of ['Bank transfer (automatic)', 'Credit card (automatic)', 'Electronic check', 'Mailed check']",
2026-09-27T10:19:40Z,domain_churn,customers,PASS,0 unknown values,"subset of ['No', 'Yes']",
2026-09-27T10:19:40Z,range_tenure_months,customers,PASS,0 outside,"[0, 72]",
2026-09-27T10:19:40Z,range_monthly_charges,customers,PASS,0 outside,"[0, 200]",
2026-09-27T10:19:40Z,range_total_charges,customers,PASS,0 outside,"[0, 15000]",
2026-09-27T10:19:40Z,range_churn_flag,customers,PASS,0 outside,"[0, 1]",
2026-09-27T10:19:40Z,reconcile_total_vs_monthly_x_tenure,customers,PASS,0.0% rows deviate > 50%,<= 5% rows,"large deviations usually mean plan changes, not bad data"
2026-09-27T10:19:40Z,churn_rate_plausible,customers,PASS,26.3%,between 10% and 45%,
2026-09-27T10:19:40Z,unique_customer_id_month,network_kpis_monthly,PASS,0 duplicates,0 duplicates,
2026-09-27T10:19:40Z,not_null_customer_id,network_kpis_monthly,PASS,0 nulls,0 nulls,
2026-09-27T10:19:40Z,not_null_month,network_kpis_monthly,PASS,0 nulls,0 nulls,
2026-09-27T10:19:40Z,not_null_month_index,network_kpis_monthly,PASS,0 nulls,0 nulls,
2026-09-27T10:19:40Z,fk_customer_id_exists,network_kpis_monthly,PASS,0 orphan rows,0 orphans,every KPI row must belong to a known customer
2026-09-27T10:19:40Z,range_month_index,network_kpis_monthly,PASS,0 outside,"[1, 12]",
2026-09-27T10:19:40Z,range_dropped_call_pct,network_kpis_monthly,PASS,0 outside,"[0, 100]",
2026-09-27T10:19:40Z,range_avg_download_mbps,network_kpis_monthly,PASS,0 outside,"[0, 2000]",
2026-09-27T10:19:40Z,range_avg_latency_ms,network_kpis_monthly,PASS,0 outside,"[0, 1000]",
2026-09-27T10:19:40Z,range_outage_minutes,network_kpis_monthly,PASS,0 outside,"[0, 44640]",
2026-09-27T10:19:40Z,range_data_usage_gb,network_kpis_monthly,PASS,0 outside,"[0, 5000]",
2026-09-27T10:19:40Z,range_complaints,network_kpis_monthly,PASS,0 outside,"[0, 100]",
