tenure_months,customers,churned,churn_rate_pct,cumulative_churned,cumulative_churn_share_pct
0,11,3,27.3,3,0.2
1,296,150,50.7,153,8.3
2,224,145,64.7,298,16.1
3,205,95,46.3,393,21.2
4,192,96,50.0,489,26.4
5,185,100,54.1,589,31.8
6,226,107,47.3,696,37.6
7,192,84,43.8,780,42.1
8,163,75,46.0,855,46.2
9,168,72,42.9,927,50.1
10,136,55,40.4,982,53.0
11,145,54,37.2,1036,55.9
12,151,64,42.4,1100,59.4
13,125,47,37.6,1147,61.9
14,142,53,37.3,1200,64.8
15,118,34,28.8,1234,66.6
16,128,59,46.1,1293,69.8
17,113,37,32.7,1330,71.8
18,130,48,36.9,1378,74.4
19,102,31,30.4,1409,76.1
20,91,35,38.5,1444,78.0
21,92,29,31.5,1473,79.5
22,80,28,35.0,1501,81.0
23,68,16,23.5,1517,81.9
24,74,25,33.8,1542,83.3
25,66,15,22.7,1557,84.1
26,75,25,33.3,1582,85.4
27,63,17,27.0,1599,86.3
28,85,16,18.8,1615,87.2
29,61,16,26.2,1631,88.1
30,74,17,23.0,1648,89.0
31,70,13,18.6,1661,89.7
32,72,13,18.1,1674,90.4
33,77,13,16.9,1687,91.1
34,55,9,16.4,1696,91.6
35,55,12,21.8,1708,92.2
36,67,8,11.9,1716,92.7
37,61,6,9.8,1722,93.0
38,69,6,8.7,1728,93.3
39,58,6,10.3,1734,93.6
40,78,17,21.8,1751,94.5
41,59,8,13.6,1759,95.0
42,56,6,10.7,1765,95.3
43,56,6,10.7,1771,95.6
44,67,6,9.0,1777,96.0
45,78,8,10.3,1785,96.4
46,57,7,12.3,1792,96.8
47,54,2,3.7,1794,96.9
48,52,3,5.8,1797,97.0
49,67,5,7.5,1802,97.3
50,62,1,1.6,1803,97.4
51,50,2,4.0,1805,97.5
52,53,2,3.8,1807,97.6
53,77,1,1.3,1808,97.6
54,60,3,5.0,1811,97.8
55,61,4,6.6,1815,98.0
56,57,2,3.5,1817,98.1
57,70,3,4.3,1820,98.3
58,65,2,3.1,1822,98.4
59,74,3,4.1,1825,98.5
60,90,6,6.7,1831,98.9
61,77,2,2.6,1833,99.0
62,69,1,1.4,1834,99.0
63,75,0,0.0,1834,99.0
64,80,1,1.3,1835,99.1
65,86,1,1.2,1836,99.1
66,97,1,1.0,1837,99.2
67,107,3,2.8,1840,99.4
68,80,1,1.3,1841,99.4
69,104,2,1.9,1843,99.5
70,106,0,0.0,1843,99.5
71,102,3,2.9,1846,99.7
72,152,6,3.9,1852,100.0
