month,month_index,customer_group,customer_months,avg_dropped_call_pct,avg_latency_ms,avg_download_mbps,avg_outage_minutes,avg_complaints
2025-01,1,Churned,816,0.939,24.4,148.7,11.8,0.034
2025-01,1,Retained,4084,0.74,30.9,108.8,12.1,0.043
2025-02,2,Churned,870,0.931,25.0,147.8,11.9,0.046
2025-02,2,Retained,4175,0.727,31.2,109.8,12.2,0.032
2025-03,3,Churned,925,0.901,24.9,146.9,12.0,0.038
2025-03,3,Retained,4256,0.733,31.0,108.6,12.2,0.038
2025-04,4,Churned,997,0.94,24.9,147.3,11.8,0.033
2025-04,4,Retained,4352,0.725,30.9,108.4,12.2,0.039
2025-05,5,Churned,1072,0.943,25.2,146.2,11.9,0.037
2025-05,5,Retained,4440,0.715,30.9,109.0,12.1,0.039
2025-06,6,Churned,1156,0.967,25.4,146.1,11.7,0.044
2025-06,6,Retained,4548,0.721,31.1,108.1,12.1,0.037
2025-07,7,Churned,1263,0.935,25.3,147.7,11.9,0.032
2025-07,7,Retained,4667,0.732,31.2,106.9,12.1,0.043
2025-08,8,Churned,1363,0.917,25.4,145.1,12.0,0.043
2025-08,8,Retained,4752,0.706,30.9,106.8,12.1,0.041
2025-09,9,Churned,1459,0.946,25.3,146.7,11.9,0.048
2025-09,9,Retained,4848,0.722,30.9,106.6,12.1,0.041
2025-10,10,Churned,1554,1.184,31.4,137.0,23.6,0.266
2025-10,10,Retained,4958,0.737,31.2,106.1,12.1,0.045
2025-11,11,Churned,1699,1.359,38.6,125.9,23.7,0.246
2025-11,11,Retained,5037,0.73,31.3,105.5,12.0,0.037
2025-12,12,Churned,1852,1.624,44.8,116.2,23.8,0.24
2025-12,12,Retained,5191,0.735,31.4,105.4,12.1,0.036
