services_key,phone_service,multiple_lines,internet_service,online_security,online_backup,device_protection,tech_support,streaming_tv,streaming_movies,num_addon_services,has_internet,has_phone,has_streaming
1,No,No phone service,DSL,No,No,No,No,No,No,0,1,0,0
2,No,No phone service,DSL,No,No,No,No,No,Yes,1,1,0,1
3,No,No phone service,DSL,No,No,No,No,Yes,No,1,1,0,1
4,No,No phone service,DSL,No,No,No,No,Yes,Yes,2,1,0,1
5,No,No phone service,DSL,No,No,No,Yes,No,No,1,1,0,0
6,No,No phone service,DSL,No,No,No,Yes,No,Yes,2,1,0,1
7,No,No phone service,DSL,No,No,No,Yes,Yes,No,2,1,0,1
8,No,No phone service,DSL,No,No,No,Yes,Yes,Yes,3,1,0,1
9,No,No phone service,DSL,No,No,Yes,No,No,No,1,1,0,0
10,No,No phone service,DSL,No,No,Yes,No,No,Yes,2,1,0,1
11,No,No phone service,DSL,No,No,Yes,No,Yes,No,2,1,0,1
12,No,No phone service,DSL,No,No,Yes,No,Yes,Yes,3,1,0,1
13,No,No phone service,DSL,No,No,Yes,Yes,No,No,2,1,0,0
14,No,No phone service,DSL,No,No,Yes,Yes,No,Yes,3,1,0,1
15,No,No phone service,DSL,No,No,Yes,Yes,Yes,No,3,1,0,1
16,No,No phone service,DSL,No,No,Yes,Yes,Yes,Yes,4,1,0,1
17,No,No phone service,DSL,No,Yes,No,No,No,No,1,1,0,0
18,No,No phone service,DSL,No,Yes,No,No,No,Yes,2,1,0,1
19,No,No phone service,DSL,No,Yes,No,No,Yes,No,2,1,0,1
20,No,No phone service,DSL,No,Yes,No,No,Yes,Yes,3,1,0,1
21,No,No phone service,DSL,No,Yes,No,Yes,No,No,2,1,0,0
22,No,No phone service,DSL,No,Yes,No,Yes,No,Yes,3,1,0,1
23,No,No phone service,DSL,No,Yes,No,Yes,Yes,No,3,1,0,1
24,No,No phone service,DSL,No,Yes,Yes,No,No,No,2,1,0,0
25,No,No phone service,DSL,No,Yes,Yes,No,No,Yes,3,1,0,1
26,No,No phone service,DSL,No,Yes,Yes,No,Yes,No,3,1,0,1
27,No,No phone service,DSL,No,Yes,Yes,No,Yes,Yes,4,1,0,1
28,No,No phone service,DSL,No,Yes,Yes,Yes,No,No,3,1,0,0
29,No,No phone service,DSL,No,Yes,Yes,Yes,No,Yes,4,1,0,1
30,No,No phone service,DSL,No,Yes,Yes,Yes,Yes,Yes,5,1,0,1
31,No,No phone service,DSL,Yes,No,No,No,No,No,1,1,0,0
32,No,No phone service,DSL,Yes,No,No,No,No,Yes,2,1,0,1
33,No,No phone service,DSL,Yes,No,No,No,Yes,No,2,1,0,1
34,No,No phone service,DSL,Yes,No,No,No,Yes,Yes,3,1,0,1
35,No,No phone service,DSL,Yes,No,No,Yes,No,No,2,1,0,0
36,No,No phone service,DSL,Yes,No,No,Yes,No,Yes,3,1,0,1
37,No,No phone service,DSL,Yes,No,No,Yes,Yes,No,3,1,0,1
38,No,No phone service,DSL,Yes,No,Yes,No,No,No,2,1,0,0
39,No,No phone service,DSL,Yes,No,Yes,No,No,Yes,3,1,0,1
40,No,No phone service,DSL,Yes,No,Yes,No,Yes,No,3,1,0,1
41,No,No phone service,DSL,Yes,No,Yes,Yes,No,No,3,1,0,0
42,No,No phone service,DSL,Yes,No,Yes,Yes,No,Yes,4,1,0,1
43,No,No phone service,DSL,Yes,No,Yes,Yes,Yes,No,4,1,0,1
44,No,No phone service,DSL,Yes,No,Yes,Yes,Yes,Yes,5,1,0,1
45,No,No phone service,DSL,Yes,Yes,No,No,No,No,2,1,0,0
46,No,No phone service,DSL,Yes,Yes,No,No,No,Yes,3,1,0,1
47,No,No phone service,DSL,Yes,Yes,No,No,Yes,No,3,1,0,1
48,No,No phone service,DSL,Yes,Yes,No,No,Yes,Yes,4,1,0,1
49,No,No phone service,DSL,Yes,Yes,No,Yes,No,No,3,1,0,0
50,No,No phone service,DSL,Yes,Yes,No,Yes,No,Yes,4,1,0,1
51,No,No phone service,DSL,Yes,Yes,No,Yes,Yes,No,4,1,0,1
52,No,No phone service,DSL,Yes,Yes,Yes,No,No,No,3,1,0,0
53,No,No phone service,DSL,Yes,Yes,Yes,No,No,Yes,4,1,0,1
54,No,No phone service,DSL,Yes,Yes,Yes,No,Yes,Yes,5,1,0,1
55,No,No phone service,DSL,Yes,Yes,Yes,Yes,No,No,4,1,0,0
56,No,No phone service,DSL,Yes,Yes,Yes,Yes,No,Yes,5,1,0,1
57,No,No phone service,DSL,Yes,Yes,Yes,Yes,Yes,No,5,1,0,1
58,No,No phone service,DSL,Yes,Yes,Yes,Yes,Yes,Yes,6,1,0,1
59,No,No phone service,Fiber optic,No,No,No,No,No,No,0,1,0,0
60,No,No phone service,Fiber optic,No,No,No,No,No,Yes,1,1,0,1
61,No,No phone service,Fiber optic,No,No,No,No,Yes,No,1,1,0,1
62,No,No phone service,Fiber optic,No,No,No,No,Yes,Yes,2,1,0,1
63,No,No phone service,Fiber optic,No,No,No,Yes,No,No,1,1,0,0
64,No,No phone service,Fiber optic,No,No,No,Yes,No,Yes,2,1,0,1
65,No,No phone service,Fiber optic,No,No,No,Yes,Yes,No,2,1,0,1
66,No,No phone service,Fiber optic,No,No,No,Yes,Yes,Yes,3,1,0,1
67,No,No phone service,Fiber optic,No,No,Yes,No,No,No,1,1,0,0
68,No,No phone service,Fiber optic,No,No,Yes,No,No,Yes,2,1,0,1
69,No,No phone service,Fiber optic,No,No,Yes,No,Yes,No,2,1,0,1
70,No,No phone service,Fiber optic,No,No,Yes,No,Yes,Yes,3,1,0,1
71,No,No phone service,Fiber optic,No,No,Yes,Yes,No,No,2,1,0,0
72,No,No phone service,Fiber optic,No,No,Yes,Yes,No,Yes,3,1,0,1
73,No,No phone service,Fiber optic,No,No,Yes,Yes,Yes,No,3,1,0,1
74,No,No phone service,Fiber optic,No,No,Yes,Yes,Yes,Yes,4,1,0,1
75,No,No phone service,Fiber optic,No,Yes,No,No,No,No,1,1,0,0
76,No,No phone service,Fiber optic,No,Yes,No,No,No,Yes,2,1,0,1
77,No,No phone service,Fiber optic,No,Yes,No,No,Yes,No,2,1,0,1
78,No,No phone service,Fiber optic,No,Yes,No,No,Yes,Yes,3,1,0,1
79,No,No phone service,Fiber optic,No,Yes,No,Yes,No,No,2,1,0,0
80,No,No phone service,Fiber optic,No,Yes,No,Yes,No,Yes,3,1,0,1
81,No,No phone service,Fiber optic,No,Yes,No,Yes,Yes,No,3,1,0,1
82,No,No phone service,Fiber optic,No,Yes,No,Yes,Yes,Yes,4,1,0,1
83,No,No phone service,Fiber optic,No,Yes,Yes,No,No,No,2,1,0,0
84,No,No phone service,Fiber optic,No,Yes,Yes,No,No,Yes,3,1,0,1
85,No,No phone service,Fiber optic,No,Yes,Yes,No,Yes,No,3,1,0,1
86,No,No phone service,Fiber optic,No,Yes,Yes,No,Yes,Yes,4,1,0,1
87,No,No phone service,Fiber optic,No,Yes,Yes,Yes,No,No,3,1,0,0
88,No,No phone service,Fiber optic,No,Yes,Yes,Yes,No,Yes,4,1,0,1
89,No,No phone service,Fiber optic,No,Yes,Yes,Yes,Yes,No,4,1,0,1
90,No,No phone service,Fiber optic,No,Yes,Yes,Yes,Yes,Yes,5,1,0,1
91,No,No phone service,Fiber optic,Yes,No,No,No,No,No,1,1,0,0
92,No,No phone service,Fiber optic,Yes,No,No,No,No,Yes,2,1,0,1
93,No,No phone service,Fiber optic,Yes,No,No,No,Yes,No,2,1,0,1
94,No,No phone service,Fiber optic,Yes,No,No,No,Yes,Yes,3,1,0,1
95,No,No phone service,Fiber optic,Yes,No,No,Yes,No,No,2,1,0,0
96,No,No phone service,Fiber optic,Yes,No,No,Yes,No,Yes,3,1,0,1
97,No,No phone service,Fiber optic,Yes,No,No,Yes,Yes,No,3,1,0,1
98,No,No phone service,Fiber optic,Yes,No,No,Yes,Yes,Yes,4,1,0,1
99,No,No phone service,Fiber optic,Yes,No,Yes,No,No,Yes,3,1,0,1
100,No,No phone service,Fiber optic,Yes,No,Yes,No,Yes,No,3,1,0,1
101,No,No phone service,Fiber optic,Yes,No,Yes,No,Yes,Yes,4,1,0,1
102,No,No phone service,Fiber optic,Yes,No,Yes,Yes,No,No,3,1,0,0
103,No,No phone service,Fiber optic,Yes,No,Yes,Yes,No,Yes,4,1,0,1
104,No,No phone service,Fiber optic,Yes,No,Yes,Yes,Yes,No,4,1,0,1
105,No,No phone service,Fiber optic,Yes,No,Yes,Yes,Yes,Yes,5,1,0,1
106,No,No phone service,Fiber optic,Yes,Yes,No,No,No,No,2,1,0,0
107,No,No phone service,Fiber optic,Yes,Yes,No,No,No,Yes,3,1,0,1
108,No,No phone service,Fiber optic,Yes,Yes,No,No,Yes,No,3,1,0,1
109,No,No phone service,Fiber optic,Yes,Yes,No,No,Yes,Yes,4,1,0,1
110,No,No phone service,Fiber optic,Yes,Yes,No,Yes,No,No,3,1,0,0
111,No,No phone service,Fiber optic,Yes,Yes,No,Yes,No,Yes,4,1,0,1
112,No,No phone service,Fiber optic,Yes,Yes,No,Yes,Yes,No,4,1,0,1
113,No,No phone service,Fiber optic,Yes,Yes,Yes,No,No,No,3,1,0,0
114,No,No phone service,Fiber optic,Yes,Yes,Yes,No,No,Yes,4,1,0,1
115,No,No phone service,Fiber optic,Yes,Yes,Yes,No,Yes,No,4,1,0,1
116,No,No phone service,Fiber optic,Yes,Yes,Yes,No,Yes,Yes,5,1,0,1
117,No,No phone service,Fiber optic,Yes,Yes,Yes,Yes,No,No,4,1,0,0
118,No,No phone service,Fiber optic,Yes,Yes,Yes,Yes,No,Yes,5,1,0,1
119,No,No phone service,Fiber optic,Yes,Yes,Yes,Yes,Yes,No,5,1,0,1
120,No,No phone service,Fiber optic,Yes,Yes,Yes,Yes,Yes,Yes,6,1,0,1
121,No,No phone service,No,No internet service,No internet service,No internet service,No internet service,No internet service,No internet service,0,0,0,0
122,Yes,No,DSL,No,No,No,No,No,No,0,1,1,0
123,Yes,No,DSL,No,No,No,No,No,Yes,1,1,1,1
124,Yes,No,DSL,No,No,No,No,Yes,No,1,1,1,1
125,Yes,No,DSL,No,No,No,No,Yes,Yes,2,1,1,1
126,Yes,No,DSL,No,No,No,Yes,No,No,1,1,1,0
127,Yes,No,DSL,No,No,No,Yes,No,Yes,2,1,1,1
128,Yes,No,DSL,No,No,No,Yes,Yes,No,2,1,1,1
129,Yes,No,DSL,No,No,No,Yes,Yes,Yes,3,1,1,1
130,Yes,No,DSL,No,No,Yes,No,No,No,1,1,1,0
131,Yes,No,DSL,No,No,Yes,No,No,Yes,2,1,1,1
132,Yes,No,DSL,No,No,Yes,No,Yes,No,2,1,1,1
133,Yes,No,DSL,No,No,Yes,No,Yes,Yes,3,1,1,1
134,Yes,No,DSL,No,No,Yes,Yes,No,No,2,1,1,0
135,Yes,No,DSL,No,No,Yes,Yes,No,Yes,3,1,1,1
136,Yes,No,DSL,No,No,Yes,Yes,Yes,No,3,1,1,1
137,Yes,No,DSL,No,No,Yes,Yes,Yes,Yes,4,1,1,1
138,Yes,No,DSL,No,Yes,No,No,No,No,1,1,1,0
139,Yes,No,DSL,No,Yes,No,No,No,Yes,2,1,1,1
140,Yes,No,DSL,No,Yes,No,No,Yes,No,2,1,1,1
141,Yes,No,DSL,No,Yes,No,No,Yes,Yes,3,1,1,1
142,Yes,No,DSL,No,Yes,No,Yes,No,No,2,1,1,0
143,Yes,No,DSL,No,Yes,No,Yes,No,Yes,3,1,1,1
144,Yes,No,DSL,No,Yes,No,Yes,Yes,No,3,1,1,1
145,Yes,No,DSL,No,Yes,No,Yes,Yes,Yes,4,1,1,1
146,Yes,No,DSL,No,Yes,Yes,No,No,No,2,1,1,0
147,Yes,No,DSL,No,Yes,Yes,No,No,Yes,3,1,1,1
148,Yes,No,DSL,No,Yes,Yes,No,Yes,No,3,1,1,1
149,Yes,No,DSL,No,Yes,Yes,No,Yes,Yes,4,1,1,1
150,Yes,No,DSL,No,Yes,Yes,Yes,No,No,3,1,1,0
151,Yes,No,DSL,No,Yes,Yes,Yes,No,Yes,4,1,1,1
152,Yes,No,DSL,No,Yes,Yes,Yes,Yes,No,4,1,1,1
153,Yes,No,DSL,No,Yes,Yes,Yes,Yes,Yes,5,1,1,1
154,Yes,No,DSL,Yes,No,No,No,No,No,1,1,1,0
155,Yes,No,DSL,Yes,No,No,No,No,Yes,2,1,1,1
156,Yes,No,DSL,Yes,No,No,No,Yes,No,2,1,1,1
157,Yes,No,DSL,Yes,No,No,No,Yes,Yes,3,1,1,1
158,Yes,No,DSL,Yes,No,No,Yes,No,No,2,1,1,0
159,Yes,No,DSL,Yes,No,No,Yes,No,Yes,3,1,1,1
160,Yes,No,DSL,Yes,No,No,Yes,Yes,No,3,1,1,1
161,Yes,No,DSL,Yes,No,No,Yes,Yes,Yes,4,1,1,1
162,Yes,No,DSL,Yes,No,Yes,No,No,No,2,1,1,0
163,Yes,No,DSL,Yes,No,Yes,No,No,Yes,3,1,1,1
164,Yes,No,DSL,Yes,No,Yes,No,Yes,No,3,1,1,1
165,Yes,No,DSL,Yes,No,Yes,No,Yes,Yes,4,1,1,1
166,Yes,No,DSL,Yes,No,Yes,Yes,No,No,3,1,1,0
167,Yes,No,DSL,Yes,No,Yes,Yes,No,Yes,4,1,1,1
168,Yes,No,DSL,Yes,No,Yes,Yes,Yes,No,4,1,1,1
169,Yes,No,DSL,Yes,No,Yes,Yes,Yes,Yes,5,1,1,1
170,Yes,No,DSL,Yes,Yes,No,No,No,No,2,1,1,0
171,Yes,No,DSL,Yes,Yes,No,No,No,Yes,3,1,1,1
172,Yes,No,DSL,Yes,Yes,No,No,Yes,No,3,1,1,1
173,Yes,No,DSL,Yes,Yes,No,No,Yes,Yes,4,1,1,1
174,Yes,No,DSL,Yes,Yes,No,Yes,No,No,3,1,1,0
175,Yes,No,DSL,Yes,Yes,No,Yes,No,Yes,4,1,1,1
176,Yes,No,DSL,Yes,Yes,No,Yes,Yes,No,4,1,1,1
177,Yes,No,DSL,Yes,Yes,No,Yes,Yes,Yes,5,1,1,1
178,Yes,No,DSL,Yes,Yes,Yes,No,No,No,3,1,1,0
179,Yes,No,DSL,Yes,Yes,Yes,No,No,Yes,4,1,1,1
180,Yes,No,DSL,Yes,Yes,Yes,No,Yes,No,4,1,1,1
181,Yes,No,DSL,Yes,Yes,Yes,No,Yes,Yes,5,1,1,1
182,Yes,No,DSL,Yes,Yes,Yes,Yes,No,No,4,1,1,0
183,Yes,No,DSL,Yes,Yes,Yes,Yes,No,Yes,5,1,1,1
184,Yes,No,DSL,Yes,Yes,Yes,Yes,Yes,No,5,1,1,1
185,Yes,No,DSL,Yes,Yes,Yes,Yes,Yes,Yes,6,1,1,1
186,Yes,No,Fiber optic,No,No,No,No,No,No,0,1,1,0
187,Yes,No,Fiber optic,No,No,No,No,No,Yes,1,1,1,1
188,Yes,No,Fiber optic,No,No,No,No,Yes,No,1,1,1,1
189,Yes,No,Fiber optic,No,No,No,No,Yes,Yes,2,1,1,1
190,Yes,No,Fiber optic,No,No,No,Yes,No,No,1,1,1,0
191,Yes,No,Fiber optic,No,No,No,Yes,No,Yes,2,1,1,1
192,Yes,No,Fiber optic,No,No,No,Yes,Yes,No,2,1,1,1
193,Yes,No,Fiber optic,No,No,No,Yes,Yes,Yes,3,1,1,1
194,Yes,No,Fiber optic,No,No,Yes,No,No,No,1,1,1,0
195,Yes,No,Fiber optic,No,No,Yes,No,No,Yes,2,1,1,1
196,Yes,No,Fiber optic,No,No,Yes,No,Yes,No,2,1,1,1
197,Yes,No,Fiber optic,No,No,Yes,No,Yes,Yes,3,1,1,1
198,Yes,No,Fiber optic,No,No,Yes,Yes,No,No,2,1,1,0
199,Yes,No,Fiber optic,No,No,Yes,Yes,No,Yes,3,1,1,1
200,Yes,No,Fiber optic,No,No,Yes,Yes,Yes,No,3,1,1,1
201,Yes,No,Fiber optic,No,No,Yes,Yes,Yes,Yes,4,1,1,1
202,Yes,No,Fiber optic,No,Yes,No,No,No,No,1,1,1,0
203,Yes,No,Fiber optic,No,Yes,No,No,No,Yes,2,1,1,1
204,Yes,No,Fiber optic,No,Yes,No,No,Yes,No,2,1,1,1
205,Yes,No,Fiber optic,No,Yes,No,No,Yes,Yes,3,1,1,1
206,Yes,No,Fiber optic,No,Yes,No,Yes,No,No,2,1,1,0
207,Yes,No,Fiber optic,No,Yes,No,Yes,No,Yes,3,1,1,1
208,Yes,No,Fiber optic,No,Yes,No,Yes,Yes,No,3,1,1,1
209,Yes,No,Fiber optic,No,Yes,No,Yes,Yes,Yes,4,1,1,1
210,Yes,No,Fiber optic,No,Yes,Yes,No,No,No,2,1,1,0
211,Yes,No,Fiber optic,No,Yes,Yes,No,No,Yes,3,1,1,1
212,Yes,No,Fiber optic,No,Yes,Yes,No,Yes,No,3,1,1,1
213,Yes,No,Fiber optic,No,Yes,Yes,No,Yes,Yes,4,1,1,1
214,Yes,No,Fiber optic,No,Yes,Yes,Yes,No,No,3,1,1,0
215,Yes,No,Fiber optic,No,Yes,Yes,Yes,No,Yes,4,1,1,1
216,Yes,No,Fiber optic,No,Yes,Yes,Yes,Yes,No,4,1,1,1
217,Yes,No,Fiber optic,No,Yes,Yes,Yes,Yes,Yes,5,1,1,1
218,Yes,No,Fiber optic,Yes,No,No,No,No,No,1,1,1,0
219,Yes,No,Fiber optic,Yes,No,No,No,No,Yes,2,1,1,1
220,Yes,No,Fiber optic,Yes,No,No,No,Yes,No,2,1,1,1
221,Yes,No,Fiber optic,Yes,No,No,No,Yes,Yes,3,1,1,1
222,Yes,No,Fiber optic,Yes,No,No,Yes,No,No,2,1,1,0
223,Yes,No,Fiber optic,Yes,No,No,Yes,No,Yes,3,1,1,1
224,Yes,No,Fiber optic,Yes,No,No,Yes,Yes,No,3,1,1,1
225,Yes,No,Fiber optic,Yes,No,No,Yes,Yes,Yes,4,1,1,1
226,Yes,No,Fiber optic,Yes,No,Yes,No,No,No,2,1,1,0
227,Yes,No,Fiber optic,Yes,No,Yes,No,No,Yes,3,1,1,1
228,Yes,No,Fiber optic,Yes,No,Yes,No,Yes,No,3,1,1,1
229,Yes,No,Fiber optic,Yes,No,Yes,No,Yes,Yes,4,1,1,1
230,Yes,No,Fiber optic,Yes,No,Yes,Yes,No,No,3,1,1,0
231,Yes,No,Fiber optic,Yes,No,Yes,Yes,No,Yes,4,1,1,1
232,Yes,No,Fiber optic,Yes,No,Yes,Yes,Yes,No,4,1,1,1
233,Yes,No,Fiber optic,Yes,No,Yes,Yes,Yes,Yes,5,1,1,1
234,Yes,No,Fiber optic,Yes,Yes,No,No,No,No,2,1,1,0
235,Yes,No,Fiber optic,Yes,Yes,No,No,No,Yes,3,1,1,1
236,Yes,No,Fiber optic,Yes,Yes,No,No,Yes,No,3,1,1,1
237,Yes,No,Fiber optic,Yes,Yes,No,No,Yes,Yes,4,1,1,1
238,Yes,No,Fiber optic,Yes,Yes,No,Yes,No,No,3,1,1,0
239,Yes,No,Fiber optic,Yes,Yes,No,Yes,No,Yes,4,1,1,1
240,Yes,No,Fiber optic,Yes,Yes,No,Yes,Yes,No,4,1,1,1
241,Yes,No,Fiber optic,Yes,Yes,No,Yes,Yes,Yes,5,1,1,1
242,Yes,No,Fiber optic,Yes,Yes,Yes,No,No,No,3,1,1,0
243,Yes,No,Fiber optic,Yes,Yes,Yes,No,No,Yes,4,1,1,1
244,Yes,No,Fiber optic,Yes,Yes,Yes,No,Yes,No,4,1,1,1
245,Yes,No,Fiber optic,Yes,Yes,Yes,No,Yes,Yes,5,1,1,1
246,Yes,No,Fiber optic,Yes,Yes,Yes,Yes,No,No,4,1,1,0
247,Yes,No,Fiber optic,Yes,Yes,Yes,Yes,No,Yes,5,1,1,1
248,Yes,No,Fiber optic,Yes,Yes,Yes,Yes,Yes,No,5,1,1,1
249,Yes,No,Fiber optic,Yes,Yes,Yes,Yes,Yes,Yes,6,1,1,1
250,Yes,No,No,No internet service,No internet service,No internet service,No internet service,No internet service,No internet service,0,0,1,0
251,Yes,Yes,DSL,No,No,No,No,No,No,0,1,1,0
252,Yes,Yes,DSL,No,No,No,No,No,Yes,1,1,1,1
253,Yes,Yes,DSL,No,No,No,No,Yes,No,1,1,1,1
254,Yes,Yes,DSL,No,No,No,No,Yes,Yes,2,1,1,1
255,Yes,Yes,DSL,No,No,No,Yes,No,No,1,1,1,0
256,Yes,Yes,DSL,No,No,No,Yes,No,Yes,2,1,1,1
257,Yes,Yes,DSL,No,No,No,Yes,Yes,No,2,1,1,1
258,Yes,Yes,DSL,No,No,No,Yes,Yes,Yes,3,1,1,1
259,Yes,Yes,DSL,No,No,Yes,No,No,No,1,1,1,0
260,Yes,Yes,DSL,No,No,Yes,No,No,Yes,2,1,1,1
261,Yes,Yes,DSL,No,No,Yes,No,Yes,No,2,1,1,1
262,Yes,Yes,DSL,No,No,Yes,No,Yes,Yes,3,1,1,1
263,Yes,Yes,DSL,No,No,Yes,Yes,No,No,2,1,1,0
264,Yes,Yes,DSL,No,No,Yes,Yes,No,Yes,3,1,1,1
265,Yes,Yes,DSL,No,No,Yes,Yes,Yes,No,3,1,1,1
266,Yes,Yes,DSL,No,No,Yes,Yes,Yes,Yes,4,1,1,1
267,Yes,Yes,DSL,No,Yes,No,No,No,No,1,1,1,0
268,Yes,Yes,DSL,No,Yes,No,No,No,Yes,2,1,1,1
269,Yes,Yes,DSL,No,Yes,No,No,Yes,No,2,1,1,1
270,Yes,Yes,DSL,No,Yes,No,No,Yes,Yes,3,1,1,1
271,Yes,Yes,DSL,No,Yes,No,Yes,No,No,2,1,1,0
272,Yes,Yes,DSL,No,Yes,No,Yes,No,Yes,3,1,1,1
273,Yes,Yes,DSL,No,Yes,No,Yes,Yes,No,3,1,1,1
274,Yes,Yes,DSL,No,Yes,No,Yes,Yes,Yes,4,1,1,1
275,Yes,Yes,DSL,No,Yes,Yes,No,No,No,2,1,1,0
276,Yes,Yes,DSL,No,Yes,Yes,No,No,Yes,3,1,1,1
277,Yes,Yes,DSL,No,Yes,Yes,No,Yes,No,3,1,1,1
278,Yes,Yes,DSL,No,Yes,Yes,No,Yes,Yes,4,1,1,1
279,Yes,Yes,DSL,No,Yes,Yes,Yes,No,No,3,1,1,0
280,Yes,Yes,DSL,No,Yes,Yes,Yes,No,Yes,4,1,1,1
281,Yes,Yes,DSL,No,Yes,Yes,Yes,Yes,No,4,1,1,1
282,Yes,Yes,DSL,No,Yes,Yes,Yes,Yes,Yes,5,1,1,1
283,Yes,Yes,DSL,Yes,No,No,No,No,No,1,1,1,0
284,Yes,Yes,DSL,Yes,No,No,No,No,Yes,2,1,1,1
285,Yes,Yes,DSL,Yes,No,No,No,Yes,No,2,1,1,1
286,Yes,Yes,DSL,Yes,No,No,No,Yes,Yes,3,1,1,1
287,Yes,Yes,DSL,Yes,No,No,Yes,No,No,2,1,1,0
288,Yes,Yes,DSL,Yes,No,No,Yes,No,Yes,3,1,1,1
289,Yes,Yes,DSL,Yes,No,No,Yes,Yes,No,3,1,1,1
290,Yes,Yes,DSL,Yes,No,No,Yes,Yes,Yes,4,1,1,1
291,Yes,Yes,DSL,Yes,No,Yes,No,No,No,2,1,1,0
292,Yes,Yes,DSL,Yes,No,Yes,No,No,Yes,3,1,1,1
293,Yes,Yes,DSL,Yes,No,Yes,No,Yes,No,3,1,1,1
294,Yes,Yes,DSL,Yes,No,Yes,No,Yes,Yes,4,1,1,1
295,Yes,Yes,DSL,Yes,No,Yes,Yes,No,No,3,1,1,0
296,Yes,Yes,DSL,Yes,No,Yes,Yes,No,Yes,4,1,1,1
297,Yes,Yes,DSL,Yes,No,Yes,Yes,Yes,No,4,1,1,1
298,Yes,Yes,DSL,Yes,No,Yes,Yes,Yes,Yes,5,1,1,1
299,Yes,Yes,DSL,Yes,Yes,No,No,No,No,2,1,1,0
300,Yes,Yes,DSL,Yes,Yes,No,No,No,Yes,3,1,1,1
301,Yes,Yes,DSL,Yes,Yes,No,No,Yes,No,3,1,1,1
302,Yes,Yes,DSL,Yes,Yes,No,No,Yes,Yes,4,1,1,1
303,Yes,Yes,DSL,Yes,Yes,No,Yes,No,No,3,1,1,0
304,Yes,Yes,DSL,Yes,Yes,No,Yes,No,Yes,4,1,1,1
305,Yes,Yes,DSL,Yes,Yes,No,Yes,Yes,No,4,1,1,1
306,Yes,Yes,DSL,Yes,Yes,No,Yes,Yes,Yes,5,1,1,1
307,Yes,Yes,DSL,Yes,Yes,Yes,No,No,No,3,1,1,0
308,Yes,Yes,DSL,Yes,Yes,Yes,No,No,Yes,4,1,1,1
309,Yes,Yes,DSL,Yes,Yes,Yes,No,Yes,No,4,1,1,1
310,Yes,Yes,DSL,Yes,Yes,Yes,No,Yes,Yes,5,1,1,1
311,Yes,Yes,DSL,Yes,Yes,Yes,Yes,No,No,4,1,1,0
312,Yes,Yes,DSL,Yes,Yes,Yes,Yes,No,Yes,5,1,1,1
313,Yes,Yes,DSL,Yes,Yes,Yes,Yes,Yes,No,5,1,1,1
314,Yes,Yes,DSL,Yes,Yes,Yes,Yes,Yes,Yes,6,1,1,1
315,Yes,Yes,Fiber optic,No,No,No,No,No,No,0,1,1,0
316,Yes,Yes,Fiber optic,No,No,No,No,No,Yes,1,1,1,1
317,Yes,Yes,Fiber optic,No,No,No,No,Yes,No,1,1,1,1
318,Yes,Yes,Fiber optic,No,No,No,No,Yes,Yes,2,1,1,1
319,Yes,Yes,Fiber optic,No,No,No,Yes,No,No,1,1,1,0
320,Yes,Yes,Fiber optic,No,No,No,Yes,No,Yes,2,1,1,1
321,Yes,Yes,Fiber optic,No,No,No,Yes,Yes,No,2,1,1,1
322,Yes,Yes,Fiber optic,No,No,No,Yes,Yes,Yes,3,1,1,1
323,Yes,Yes,Fiber optic,No,No,Yes,No,No,No,1,1,1,0
324,Yes,Yes,Fiber optic,No,No,Yes,No,No,Yes,2,1,1,1
325,Yes,Yes,Fiber optic,No,No,Yes,No,Yes,No,2,1,1,1
326,Yes,Yes,Fiber optic,No,No,Yes,No,Yes,Yes,3,1,1,1
327,Yes,Yes,Fiber optic,No,No,Yes,Yes,No,No,2,1,1,0
328,Yes,Yes,Fiber optic,No,No,Yes,Yes,No,Yes,3,1,1,1
329,Yes,Yes,Fiber optic,No,No,Yes,Yes,Yes,No,3,1,1,1
330,Yes,Yes,Fiber optic,No,No,Yes,Yes,Yes,Yes,4,1,1,1
331,Yes,Yes,Fiber optic,No,Yes,No,No,No,No,1,1,1,0
332,Yes,Yes,Fiber optic,No,Yes,No,No,No,Yes,2,1,1,1
333,Yes,Yes,Fiber optic,No,Yes,No,No,Yes,No,2,1,1,1
334,Yes,Yes,Fiber optic,No,Yes,No,No,Yes,Yes,3,1,1,1
335,Yes,Yes,Fiber optic,No,Yes,No,Yes,No,No,2,1,1,0
336,Yes,Yes,Fiber optic,No,Yes,No,Yes,No,Yes,3,1,1,1
337,Yes,Yes,Fiber optic,No,Yes,No,Yes,Yes,No,3,1,1,1
338,Yes,Yes,Fiber optic,No,Yes,No,Yes,Yes,Yes,4,1,1,1
339,Yes,Yes,Fiber optic,No,Yes,Yes,No,No,No,2,1,1,0
340,Yes,Yes,Fiber optic,No,Yes,Yes,No,No,Yes,3,1,1,1
341,Yes,Yes,Fiber optic,No,Yes,Yes,No,Yes,No,3,1,1,1
342,Yes,Yes,Fiber optic,No,Yes,Yes,No,Yes,Yes,4,1,1,1
343,Yes,Yes,Fiber optic,No,Yes,Yes,Yes,No,No,3,1,1,0
344,Yes,Yes,Fiber optic,No,Yes,Yes,Yes,No,Yes,4,1,1,1
345,Yes,Yes,Fiber optic,No,Yes,Yes,Yes,Yes,No,4,1,1,1
346,Yes,Yes,Fiber optic,No,Yes,Yes,Yes,Yes,Yes,5,1,1,1
347,Yes,Yes,Fiber optic,Yes,No,No,No,No,No,1,1,1,0
348,Yes,Yes,Fiber optic,Yes,No,No,No,No,Yes,2,1,1,1
349,Yes,Yes,Fiber optic,Yes,No,No,No,Yes,No,2,1,1,1
350,Yes,Yes,Fiber optic,Yes,No,No,No,Yes,Yes,3,1,1,1
351,Yes,Yes,Fiber optic,Yes,No,No,Yes,No,No,2,1,1,0
352,Yes,Yes,Fiber optic,Yes,No,No,Yes,No,Yes,3,1,1,1
353,Yes,Yes,Fiber optic,Yes,No,No,Yes,Yes,No,3,1,1,1
354,Yes,Yes,Fiber optic,Yes,No,No,Yes,Yes,Yes,4,1,1,1
355,Yes,Yes,Fiber optic,Yes,No,Yes,No,No,No,2,1,1,0
356,Yes,Yes,Fiber optic,Yes,No,Yes,No,No,Yes,3,1,1,1
357,Yes,Yes,Fiber optic,Yes,No,Yes,No,Yes,No,3,1,1,1
358,Yes,Yes,Fiber optic,Yes,No,Yes,No,Yes,Yes,4,1,1,1
359,Yes,Yes,Fiber optic,Yes,No,Yes,Yes,No,No,3,1,1,0
360,Yes,Yes,Fiber optic,Yes,No,Yes,Yes,No,Yes,4,1,1,1
361,Yes,Yes,Fiber optic,Yes,No,Yes,Yes,Yes,No,4,1,1,1
362,Yes,Yes,Fiber optic,Yes,No,Yes,Yes,Yes,Yes,5,1,1,1
363,Yes,Yes,Fiber optic,Yes,Yes,No,No,No,No,2,1,1,0
364,Yes,Yes,Fiber optic,Yes,Yes,No,No,No,Yes,3,1,1,1
365,Yes,Yes,Fiber optic,Yes,Yes,No,No,Yes,No,3,1,1,1
366,Yes,Yes,Fiber optic,Yes,Yes,No,No,Yes,Yes,4,1,1,1
367,Yes,Yes,Fiber optic,Yes,Yes,No,Yes,No,No,3,1,1,0
368,Yes,Yes,Fiber optic,Yes,Yes,No,Yes,No,Yes,4,1,1,1
369,Yes,Yes,Fiber optic,Yes,Yes,No,Yes,Yes,No,4,1,1,1
370,Yes,Yes,Fiber optic,Yes,Yes,No,Yes,Yes,Yes,5,1,1,1
371,Yes,Yes,Fiber optic,Yes,Yes,Yes,No,No,No,3,1,1,0
372,Yes,Yes,Fiber optic,Yes,Yes,Yes,No,No,Yes,4,1,1,1
373,Yes,Yes,Fiber optic,Yes,Yes,Yes,No,Yes,No,4,1,1,1
374,Yes,Yes,Fiber optic,Yes,Yes,Yes,No,Yes,Yes,5,1,1,1
375,Yes,Yes,Fiber optic,Yes,Yes,Yes,Yes,No,No,4,1,1,0
376,Yes,Yes,Fiber optic,Yes,Yes,Yes,Yes,No,Yes,5,1,1,1
377,Yes,Yes,Fiber optic,Yes,Yes,Yes,Yes,Yes,No,5,1,1,1
378,Yes,Yes,Fiber optic,Yes,Yes,Yes,Yes,Yes,Yes,6,1,1,1
379,Yes,Yes,No,No internet service,No internet service,No internet service,No internet service,No internet service,No internet service,0,0,1,0
