month_key,month,year,month_number,month_name,quarter,month_start_date,month_index,months_before_snapshot
202501,2025-01,2025,1,Jan,Q1,2025-01-01,1,11
202502,2025-02,2025,2,Feb,Q1,2025-02-01,2,10
202503,2025-03,2025,3,Mar,Q1,2025-03-01,3,9
202504,2025-04,2025,4,Apr,Q2,2025-04-01,4,8
202505,2025-05,2025,5,May,Q2,2025-05-01,5,7
202506,2025-06,2025,6,Jun,Q2,2025-06-01,6,6
202507,2025-07,2025,7,Jul,Q3,2025-07-01,7,5
202508,2025-08,2025,8,Aug,Q3,2025-08-01,8,4
202509,2025-09,2025,9,Sep,Q3,2025-09-01,9,3
202510,2025-10,2025,10,Oct,Q4,2025-10-01,10,2
202511,2025-11,2025,11,Nov,Q4,2025-11-01,11,1
202512,2025-12,2025,12,Dec,Q4,2025-12-01,12,0
