contract_key,contract,paperless_billing,payment_method,is_auto_payment
1,Month-to-month,No,Bank transfer (automatic),1
2,Month-to-month,No,Credit card (automatic),1
3,Month-to-month,No,Electronic check,0
4,Month-to-month,No,Mailed check,0
5,Month-to-month,Yes,Bank transfer (automatic),1
6,Month-to-month,Yes,Credit card (automatic),1
7,Month-to-month,Yes,Electronic check,0
8,Month-to-month,Yes,Mailed check,0
9,One year,No,Bank transfer (automatic),1
10,One year,No,Credit card (automatic),1
11,One year,No,Electronic check,0
12,One year,No,Mailed check,0
13,One year,Yes,Bank transfer (automatic),1
14,One year,Yes,Credit card (automatic),1
15,One year,Yes,Electronic check,0
16,One year,Yes,Mailed check,0
17,Two year,No,Bank transfer (automatic),1
18,Two year,No,Credit card (automatic),1
19,Two year,No,Electronic check,0
20,Two year,No,Mailed check,0
21,Two year,Yes,Bank transfer (automatic),1
22,Two year,Yes,Credit card (automatic),1
23,Two year,Yes,Electronic check,0
24,Two year,Yes,Mailed check,0
